id,labels,sentences,PROPN,PROPN+NOUN,PROPN+NOUN+*+ADJ,PROPN+NOUN+*+ADJ+$DATE,PROPN+NOUN+*+ADJ|NUM,PROPN+NOUN+*+ADJ|$MONEY,PROPN+NOUN+*+NUM,PROPN+NOUN+*+NUM|ADJ,PROPN+NOUN+*+NUM|$DATE,PROPN+NOUN+*+$DATE,PROPN+NOUN+*+$DATE|NUM,PROPN+NOUN+*+$DATE|$MONEY,PROPN+NOUN+*+$MONEY,PROPN+NOUN+*+$MONEY|ADJ,PROPN+NOUN+*+$MONEY|$DATE,PROPN+*+NOUN,PROPN+*+$ORG,PROPN+*+$ORG|NOUN,PROPN+$ORG,PROPN+$ORG|NOUN,PROPN|NUM,PROPN|NUM+NOUN,PROPN|NUM+*+NOUN,PROPN|NUM+*,PROPN|[pay],PROPN|[money],PROPN|[80],PROPN|[80]+NOUN,PROPN|[80]+NOUN+*+NUM,PROPN|[80]+*+NOUN,PROPN|[80]+*,PROPN|[appetizer],NUM,NUM+NOUN,NUM+NOUN|ADV,NUM+ADV,NUM+ADV|NOUN,NUM+ADV|[appetizer],NUM+*+NOUN,NUM+*+NOUN|ADV,NUM+*+ADV,NUM+*+ADV|NOUN,NUM+*+ADV|[appetizer],NUM+*+[appetizer],NUM+*+[appetizer]|NOUN,NUM+*+[appetizer]|ADV,NUM+[appetizer],NUM+[appetizer]|NOUN,NUM+[appetizer]|ADV,NUM|[pay],[pay],[pay]+*+PRON,[pay]+*+PRON+AUX,[pay]+*+PRON+AUX+ADJ,[pay]|PROPN,[pay]|NUM,[pay]|$DATE,[pay]|$MONEY,[pay]|$ORG,[money]+PRON+VERB,[money]+PRON,[money]+PRON+*+VERB,[money]+PRON+*+[pay],[money]+PRON+[pay],[money],[money]+*+PRON+VERB,[money]+*+PRON,[money]+*+PRON+[pay],[money]+*+VERB,[money]+*+[pay],[money]|PROPN,[money]|NUM,[money]|[pay],[money]|[pay]+*+PRON,[money]|$DATE,[money]|$MONEY,[money]|$ORG,[80],[80]+NOUN,[80]+NOUN+*+NUM,[80]+NOUN+*+NUM+[appetizer],[80]+*+NOUN,[80]|PROPN,[80]|PROPN+NOUN,[80]|PROPN+NOUN+*+NUM,[80]|PROPN+*+NOUN,[80]|PROPN+*,[80]|NUM,[80]|NUM+NOUN,[80]|NUM+*+NOUN,[80]|[pay],[80]|$DATE,[80]|$DATE+NOUN,[80]|$DATE+*+NOUN,[80]|$MONEY,[80]|$ORG,[80]|$ORG+NOUN,[80]|$ORG+NOUN+*+NUM,[80]|$ORG+*+NOUN,[appetizer],[appetizer]+*+NUM,[appetizer]+*+NUM+NOUN,[appetizer]|PROPN,[appetizer]|NUM,[appetizer]|[pay],[appetizer]|$DATE,[appetizer]|$MONEY,[appetizer]|$ORG,$DATE,$DATE+NOUN,$DATE+*+NOUN,$DATE|PROPN,$DATE|PROPN+NOUN,$DATE|PROPN+*+NOUN,$DATE|NUM,$DATE|NUM+NOUN,$DATE|NUM+*+NOUN,$DATE|[pay],$DATE|[money],$DATE|[80],$DATE|[80]+NOUN,$DATE|[80]+*+NOUN,$DATE|[appetizer],$DATE|$MONEY,$DATE|$ORG,$DATE|$ORG+NOUN,$DATE|$ORG+*+NOUN,$MONEY,$MONEY+ADV,$MONEY+*+ADV,$MONEY|PROPN,$MONEY|NUM,$MONEY|NUM+ADV,$MONEY|NUM+*+ADV,$MONEY|[pay],$MONEY|[money],$MONEY|[80],$MONEY|[appetizer],$MONEY|$DATE,$ORG,$ORG+PROPN,$ORG+PROPN+NOUN,$ORG+PROPN+NOUN+*+NUM,$ORG+PROPN+NOUN+*+$MONEY,$ORG+PROPN+*+NOUN,$ORG+NOUN,$ORG+NOUN+*+NUM,$ORG+NOUN+*+$MONEY,$ORG+*+PROPN,$ORG+*+PROPN+NOUN,$ORG+*+NOUN,$ORG|PROPN,$ORG|PROPN+NOUN,$ORG|PROPN+NOUN+*+NUM,$ORG|PROPN+NOUN+*+$MONEY,$ORG|PROPN+*+NOUN,$ORG|NUM,$ORG|NUM+NOUN,$ORG|NUM+*+NOUN,$ORG|[pay],$ORG|[money],$ORG|[80],$ORG|[80]+NOUN,$ORG|[80]+NOUN+*+NUM,$ORG|[80]+*+NOUN,$ORG|[appetizer],$ORG|$DATE,$ORG|$DATE+NOUN,$ORG|$DATE+*+NOUN
s31,1,"For the money we paid (over 80 $ for 1 appetizer, 2 dinners, 2 drinks) we could not eat much",0,0,0,0,0,0,0,0,0,0,0,0,0,0,0,0,0,0,0,0,1,1,1,1,1,1,1,1,1,1,1,1,1,1,1,0,1,1,1,1,0,1,1,1,1,1,1,1,1,1,1,0,0,0,1,1,1,1,1,1,1,1,1,1,1,1,1,1,1,1,1,1,1,1,1,1,1,1,1,1,1,1,1,1,1,1,1,1,1,1,1,1,1,1,1,1,1,1,1,1,1,1,1,1,1,1,1,1,0,0,0,0,0,0,1,1,1,1,1,1,1,1,1,0,0,0,0,0,0,0,0,1,0,0,1,1,1,1,0,0,0,0,0,0,0,0,0,0,0,0,0,0,0,0,0,0,1,1,1,1,1,1,1,1,1,1,0,0,0
s28,1,I bought a Living Social deal $30 for $60 awhile back.,1,1,0,0,1,1,1,1,1,0,1,1,1,1,1,1,1,1,1,1,1,1,1,1,1,1,1,1,1,1,1,1,1,0,1,1,1,1,0,1,1,1,1,0,0,1,0,0,1,1,0,0,0,0,1,1,0,1,1,0,0,0,0,0,0,0,0,0,0,0,1,1,0,0,0,1,1,0,0,0,0,0,1,1,1,1,1,1,0,0,0,0,0,0,1,1,1,1,1,0,0,0,1,1,0,0,1,1,0,0,0,1,1,1,1,0,0,0,0,0,0,0,0,1,1,1,1,1,1,1,1,1,1,1,1,1,1,1,1,1,1,1,1,1,1,1,1,1,1,1,1,1,1,1,1,1,1,1,1,1,1,1,1,1,1,1,1,1,1
s17,1,I 've been using this Discount Tire location for many years and for my last 3 vehicles .,1,1,1,1,1,1,0,1,1,1,1,1,0,1,1,1,0,1,0,1,1,1,1,1,1,1,1,1,0,1,1,1,1,1,1,0,1,0,1,1,0,1,0,0,1,0,0,1,0,1,0,0,0,0,1,1,1,0,0,0,0,0,0,0,0,0,0,0,0,0,1,1,0,0,1,0,0,0,0,0,0,0,1,1,0,1,1,1,1,1,0,1,1,1,0,0,0,0,0,0,0,0,1,1,0,1,0,0,1,1,1,1,1,1,1,1,1,1,1,1,1,1,1,1,1,1,1,0,0,0,1,1,0,0,0,0,0,0,1,0,0,0,0,0,0,0,0,0,0,0,0,1,1,0,0,1,1,1,1,0,0,0,0,0,0,0,1,1,1
s11,1,"Me : Then why did you tell me they were on discount ?
",0,0,0,0,0,0,0,0,0,0,0,0,0,0,0,0,0,0,0,0,0,0,0,0,0,0,0,0,0,0,0,0,0,0,0,0,0,0,0,0,0,0,0,0,0,0,0,0,0,0,0,0,0,0,0,0,0,0,0,0,0,0,0,0,0,0,0,0,0,0,0,0,0,0,0,0,0,0,0,0,0,0,0,0,0,0,0,0,0,0,0,0,0,0,0,0,0,0,0,0,0,0,0,0,0,0,0,0,0,0,0,0,0,0,0,0,0,0,0,0,0,0,0,0,0,0,0,0,0,0,0,0,0,0,0,0,0,0,0,0,0,0,0,0,0,0,0,0,0,0,0,0,0,0,0,0,0,0,0,0,0,0,0,0,0,0,0,0,0
s27,1,"For the amenities and $ paid, it's small.
",0,0,0,0,0,0,0,0,0,0,0,0,0,0,0,0,0,0,0,0,0,0,0,0,1,0,0,0,0,0,0,0,0,0,0,0,0,0,0,0,0,0,0,0,0,0,0,0,0,1,1,1,1,1,1,1,1,1,1,0,0,0,0,0,0,0,0,0,0,0,0,0,1,1,0,0,0,0,0,0,0,0,0,0,0,0,0,0,0,0,1,0,0,0,0,0,0,0,0,0,0,0,0,0,1,0,0,0,0,0,0,0,0,0,0,0,0,1,0,0,0,0,0,0,0,0,0,0,0,0,0,0,0,0,1,0,0,0,0,0,0,0,0,0,0,0,0,0,0,0,0,0,0,0,0,0,0,0,0,1,0,0,0,0,0,0,0,0,0
s29,1,"Prices here are very reasonable!
",0,0,0,0,0,0,0,0,0,0,0,0,0,0,0,0,0,0,0,0,0,0,0,0,0,0,0,0,0,0,0,0,0,0,0,0,0,0,0,0,0,0,0,0,0,0,0,0,0,0,0,0,0,0,0,0,0,0,0,0,0,0,0,0,0,0,0,0,0,0,0,0,0,0,0,0,0,0,0,0,0,0,0,0,0,0,0,0,0,0,0,0,0,0,0,0,0,0,0,0,0,0,0,0,0,0,0,0,0,0,0,0,0,0,0,0,0,0,0,0,0,0,0,0,0,0,0,0,0,0,0,0,0,0,0,0,0,0,0,0,0,0,0,0,0,0,0,0,0,0,0,0,0,0,0,0,0,0,0,0,0,0,0,0,0,0,0,0,0
s81,0,"Great service at lunch.
",0,0,0,0,0,0,0,0,0,0,0,0,0,0,0,0,0,0,0,0,0,0,0,0,0,0,0,0,0,0,0,0,0,0,0,0,0,0,0,0,0,0,0,0,0,0,0,0,0,0,0,0,0,0,0,0,0,0,0,0,0,0,0,0,0,0,0,0,0,0,0,0,0,0,0,0,0,0,0,0,0,0,0,0,0,0,0,0,0,0,0,0,0,0,0,0,0,0,0,0,0,0,0,0,0,0,0,0,0,0,0,0,0,0,0,0,0,0,0,0,0,0,0,0,0,0,0,0,0,0,0,0,0,0,0,0,0,0,0,0,0,0,0,0,0,0,0,0,0,0,0,0,0,0,0,0,0,0,0,0,0,0,0,0,0,0,0,0,0
s14,0,"Perfect little spot with healthy options and everything was so delicious.
",0,0,0,0,0,0,0,0,0,0,0,0,0,0,0,0,0,0,0,0,0,0,0,0,0,0,0,0,0,0,0,0,0,0,0,0,0,0,0,0,0,0,0,0,0,0,0,0,0,0,0,0,0,0,0,0,0,0,0,0,0,0,0,0,0,0,0,0,0,0,0,0,0,0,0,0,0,0,0,0,0,0,0,0,0,0,0,0,0,0,0,0,0,0,0,0,0,0,0,0,0,0,0,0,0,0,0,0,0,0,0,0,0,0,0,0,0,0,0,0,0,0,0,0,0,0,0,0,0,0,0,0,0,0,0,0,0,0,0,0,0,0,0,0,0,0,0,0,0,0,0,0,0,0,0,0,0,0,0,0,0,0,0,0,0,0,0,0,0
s35,0,"needless to say whomever told me this , is a genius .
",1,0,0,0,0,0,0,0,0,0,0,0,0,0,0,0,0,0,0,0,1,0,0,1,1,1,1,0,0,0,1,1,0,0,0,0,0,0,0,0,0,0,0,0,0,0,0,0,0,0,0,0,0,0,1,0,0,0,0,0,0,0,0,0,0,0,0,0,0,0,1,0,0,0,0,0,0,0,0,0,0,0,1,0,0,0,1,0,0,0,0,0,0,0,0,0,0,0,0,0,0,0,1,0,0,0,0,0,0,0,0,1,0,0,0,0,0,0,0,0,0,0,0,0,0,0,0,0,0,0,1,0,0,0,0,0,0,0,0,0,0,0,0,0,0,0,0,0,0,0,0,1,0,0,0,0,0,0,0,0,0,0,0,0,0,0,0,0,0
s13,0,"The staff is always friendly and they make you feel comfortable even when you're getting uncomfortable work done.
",0,0,0,0,0,0,0,0,0,0,0,0,0,0,0,0,0,0,0,0,0,0,0,0,0,0,0,0,0,0,0,0,0,0,0,0,0,0,0,0,0,0,0,0,0,0,0,0,0,0,0,0,0,0,0,0,0,0,0,0,0,0,0,0,0,0,0,0,0,0,0,0,0,0,0,0,0,0,0,0,0,0,0,0,0,0,0,0,0,0,0,0,0,0,0,0,0,0,0,0,0,0,0,0,0,0,0,0,0,0,0,0,0,0,0,0,0,0,0,0,0,0,0,0,0,0,0,0,0,0,0,0,0,0,0,0,0,0,0,0,0,0,0,0,0,0,0,0,0,0,0,0,0,0,0,0,0,0,0,0,0,0,0,0,0,0,0,0,0
s86,0,"Friendly w/great customer service, reasonable prices, and a chill atmosphere
",1,0,0,0,0,0,0,0,0,0,0,0,0,0,0,0,0,0,0,0,1,0,0,1,1,1,1,0,0,0,1,1,0,0,0,0,0,0,0,0,0,0,0,0,0,0,0,0,0,0,0,0,0,0,1,0,0,0,0,0,0,0,0,0,0,0,0,0,0,0,1,0,0,0,0,0,0,0,0,0,0,0,1,0,0,0,1,0,0,0,0,0,0,0,0,0,0,0,0,0,0,0,1,0,0,0,0,0,0,0,0,1,0,0,0,0,0,0,0,0,0,0,0,0,0,0,0,0,0,0,1,0,0,0,0,0,0,0,0,0,0,0,0,0,0,0,0,0,0,0,0,1,0,0,0,0,0,0,0,0,0,0,0,0,0,0,0,0,0
s94,0,"Service exceptional. Continuously filling waters, etc.
",0,0,0,0,0,0,0,0,0,0,0,0,0,0,0,0,0,0,0,0,0,0,0,0,0,0,0,0,0,0,0,0,0,0,0,0,0,0,0,0,0,0,0,0,0,0,0,0,0,0,0,0,0,0,0,0,0,0,0,0,0,0,0,0,0,0,0,0,0,0,0,0,0,0,0,0,0,0,0,0,0,0,0,0,0,0,0,0,0,0,0,0,0,0,0,0,0,0,0,0,0,0,0,0,0,0,0,0,0,0,0,0,0,0,0,0,0,0,0,0,0,0,0,0,0,0,0,0,0,0,0,0,0,0,0,0,0,0,0,0,0,0,0,0,0,0,0,0,0,0,0,0,0,0,0,0,0,0,0,0,0,0,0,0,0,0,0,0,0
s69,0,"The attention to customers I observed to be very good and free computer use is available in the lobby.
",0,0,0,0,0,0,0,0,0,0,0,0,0,0,0,0,0,0,0,0,0,0,0,0,0,0,0,0,0,0,0,0,0,0,0,0,0,0,0,0,0,0,0,0,0,0,0,0,0,0,0,0,0,0,0,0,0,0,0,0,0,0,0,0,0,0,0,0,0,0,0,0,0,0,0,0,0,0,0,0,0,0,0,0,0,0,0,0,0,0,0,0,0,0,0,0,0,0,0,0,0,0,0,0,0,0,0,0,0,0,0,0,0,0,0,0,0,0,0,0,0,0,0,0,0,0,0,0,0,0,0,0,0,0,0,0,0,0,0,0,0,0,0,0,0,0,0,0,0,0,0,0,0,0,0,0,0,0,0,0,0,0,0,0,0,0,0,0,0
s75,0,"Give me a good waiter and decent food and it's hard to not impress.
",0,0,0,0,0,0,0,0,0,0,0,0,0,0,0,0,0,0,0,0,0,0,0,0,0,0,0,0,0,0,0,0,0,0,0,0,0,0,0,0,0,0,0,0,0,0,0,0,0,0,0,0,0,0,0,0,0,0,0,0,0,0,0,0,0,0,0,0,0,0,0,0,0,0,0,0,0,0,0,0,0,0,0,0,0,0,0,0,0,0,0,0,0,0,0,0,0,0,0,0,0,0,0,0,0,0,0,0,0,0,0,0,0,0,0,0,0,0,0,0,0,0,0,0,0,0,0,0,0,0,0,0,0,0,0,0,0,0,0,0,0,0,0,0,0,0,0,0,0,0,0,0,0,0,0,0,0,0,0,0,0,0,0,0,0,0,0,0,0
s54,0,"Fabulous service and awesome food
",0,0,0,0,0,0,0,0,0,0,0,0,0,0,0,0,0,0,0,0,0,0,0,0,0,0,0,0,0,0,0,0,0,0,0,0,0,0,0,0,0,0,0,0,0,0,0,0,0,0,0,0,0,0,0,0,0,0,0,0,0,0,0,0,0,0,0,0,0,0,0,0,0,0,0,0,0,0,0,0,0,0,0,0,0,0,0,0,0,0,0,0,0,0,0,0,0,0,0,0,0,0,0,0,0,0,0,0,0,0,0,0,0,0,0,0,0,0,0,0,0,0,0,0,0,0,0,0,0,0,0,0,0,0,0,0,0,0,0,0,0,0,0,0,0,0,0,0,0,0,0,0,0,0,0,0,0,0,0,0,0,0,0,0,0,0,0,0,0
s4,0,"The woman told me that her manager said yes they have the calls recorded , but he will not listen to them , and that she was ' proceeding to cancel this call ' ..
",0,0,0,0,0,0,0,0,0,0,0,0,0,0,0,0,0,0,0,0,0,0,0,0,0,0,0,0,0,0,0,0,0,0,0,0,0,0,0,0,0,0,0,0,0,0,0,0,0,0,0,0,0,0,0,0,0,0,0,0,0,0,0,0,0,0,0,0,0,0,0,0,0,0,0,0,0,0,0,0,0,0,0,0,0,0,0,0,0,0,0,0,0,0,0,0,0,0,0,0,0,0,0,0,0,0,0,0,0,0,0,0,0,0,0,0,0,0,0,0,0,0,0,0,0,0,0,0,0,0,0,0,0,0,0,0,0,0,0,0,0,0,0,0,0,0,0,0,0,0,0,0,0,0,0,0,0,0,0,0,0,0,0,0,0,0,0,0,0
s3,0,"Customer service told me "" nothing was rescheduled""
",0,0,0,0,0,0,0,0,0,0,0,0,0,0,0,0,0,0,0,0,0,0,0,0,0,0,0,0,0,0,0,0,0,0,0,0,0,0,0,0,0,0,0,0,0,0,0,0,0,0,0,0,0,0,0,0,0,0,0,0,0,0,0,0,0,0,0,0,0,0,0,0,0,0,0,0,0,0,0,0,0,0,0,0,0,0,0,0,0,0,0,0,0,0,0,0,0,0,0,0,0,0,0,0,0,0,0,0,0,0,0,0,0,0,0,0,0,0,0,0,0,0,0,0,0,0,0,0,0,0,0,0,0,0,0,0,0,0,0,0,0,0,0,0,0,0,0,0,0,0,0,0,0,0,0,0,0,0,0,0,0,0,0,0,0,0,0,0,0
s64,0,"Our host Reinhold is so nice and gracious.
",1,0,0,0,0,0,0,0,0,0,0,0,0,0,0,0,0,0,0,0,1,0,0,1,1,1,1,0,0,0,1,1,0,0,0,0,0,0,0,0,0,0,0,0,0,0,0,0,0,0,0,0,0,0,1,0,0,0,1,0,0,0,0,0,0,0,0,0,0,0,1,0,0,0,0,0,1,0,0,0,0,0,1,0,0,0,1,0,0,0,0,0,0,0,0,1,0,0,0,0,0,0,1,0,0,0,0,1,0,0,0,1,0,0,0,0,0,0,0,0,0,0,0,0,1,0,0,0,0,0,1,0,0,0,0,0,0,0,0,1,0,0,0,0,0,0,0,0,0,0,0,1,0,0,0,0,1,0,0,1,1,1,0,0,0,1,1,0,0
